<?xml version="1.0" encoding="UTF-8"?>
<project-private xmlns="http://www.netbeans.org/ns/project-private/1">
    <editor-bookmarks xmlns="http://www.netbeans.org/ns/editor-bookmarks/2" lastBookmarkId="0"/>
    <open-files xmlns="http://www.netbeans.org/ns/projectui-open-files/2">
        <group>
            <file>file:/C:/Users/visha/Desktop/EXAM/WS/Practical6/Practical6/src/java/tycs/StudentFacade.java</file>
            <file>file:/C:/Users/visha/Desktop/EXAM/WS/Practical6/Practical6/web/template.xhtml</file>
            <file>file:/C:/Users/visha/Desktop/EXAM/WS/Practical6/Practical6/src/java/tycs/StudentController.java</file>
            <file>file:/C:/Users/visha/Desktop/EXAM/WS/Practical6/Practical6/web/index.html</file>
            <file>file:/C:/Users/visha/Desktop/EXAM/WS/Practical6/Practical6/web/index.xhtml</file>
        </group>
    </open-files>
</project-private>
